name,description,created_at,updated_at
タスク1,説明1,2022-06-20 14:29:10 +0900,2022-06-23 18:18:20 +0900
タスク2,説明2,2022-06-20 14:41:24 +0900,2022-06-21 18:29:18 +0900
タスク3,説明3,2022-06-20 14:42:15 +0900,2022-06-20 14:42:15 +0900
タスク4,説明4,2022-06-20 16:40:41 +0900,2022-06-20 16:40:41 +0900
タスク5,説明5,2022-06-21 18:31:02 +0900,2022-06-21 18:31:02 +0900
タスク6,説明6,2022-06-23 18:31:38 +0900,2022-06-27 18:23:52 +0900
タスク7,説明7,2022-06-24 18:55:17 +0900,2022-06-30 18:36:01 +0900
タスク8,説明8,2022-06-24 18:58:14 +0900,2022-06-24 18:58:14 +0900
タスク9,説明9,2022-06-28 19:48:35 +0900,2022-06-28 19:48:35 +0900
タスク10,説明10,2022-06-29 18:03:00 +0900,2022-06-29 18:03:00 +0900
タスク11,説明11,2022-06-30 18:35:05 +0900,2022-07-08 18:34:35 +0900
タスク12,説明12,2022-06-30 18:35:23 +0900,2022-06-30 18:35:23 +0900
タスク13,説明13,2022-07-04 18:32:05 +0900,2022-07-04 18:32:05 +0900
タスク14,説明14,2022-07-05 17:52:34 +0900,2022-07-05 17:52:34 +0900
タスク15,説明15,2022-07-06 18:06:52 +0900,2022-07-12 17:29:56 +0900
タスク16,説明16,2022-07-06 18:07:52 +0900,2022-07-06 18:07:52 +0900
タスク17,説明17,2022-07-07 18:26:10 +0900,2022-07-13 17:05:42 +0900
タスク18,説明18,2022-07-11 17:48:26 +0900,2022-08-03 16:47:41 +0900
タスク19,説明19,2022-07-14 16:46:27 +0900,2022-09-09 19:03:39 +0900
タスク20,説明20,2022-07-19 18:52:36 +0900,2022-07-19 18:54:10 +0900
タスク21,説明21,2022-07-19 18:53:39 +0900,2022-07-19 18:53:44 +0900
タスク22,説明22,2022-07-21 17:59:32 +0900,2022-07-21 17:59:32 +0900
タスク23,説明23,2022-07-26 17:29:51 +0900,2022-07-26 17:32:50 +0900
タスク24,説明24,2022-07-26 17:32:00 +0900,2022-07-26 17:32:00 +0900
タスク25,説明25,2022-07-26 17:34:34 +0900,2022-08-02 17:10:32 +0900